N,P,K,Moisture,Crop
5,7,15,800,Millet
6,8,17,820,Millet
4,6,14,810,Millet
7,9,18,830,Millet
5,8,16,825,Millet
6,7,15,835,Millet
4,7,14,820,Millet
7,8,17,840,Millet
5,6,13,815,Millet
6,9,18,830,Millet

8,10,20,850,Sorghum
9,11,21,860,Sorghum
7,9,19,845,Sorghum
10,12,22,870,Sorghum
8,10,21,855,Sorghum
9,11,20,865,Sorghum
7,9,18,840,Sorghum
10,12,23,875,Sorghum
8,10,19,850,Sorghum
9,11,21,860,Sorghum

20,15,25,700,Maize
22,17,27,720,Maize
18,14,23,690,Maize
24,18,28,730,Maize
21,16,26,710,Maize
23,17,27,725,Maize
19,15,24,700,Maize
25,19,29,740,Maize
20,16,25,710,Maize
22,18,27,730,Maize

30,20,35,650,Wheat
32,22,37,670,Wheat
28,18,33,640,Wheat
35,25,40,680,Wheat
31,21,36,660,Wheat
33,23,38,675,Wheat
29,19,34,650,Wheat
36,26,41,690,Wheat
30,20,35,660,Wheat
32,22,37,670,Wheat

80,40,45,520,Rice
85,42,47,540,Rice
78,38,43,510,Rice
90,45,50,550,Rice
82,40,46,530,Rice
88,44,49,545,Rice
79,39,44,515,Rice
92,47,51,560,Rice
84,41,46,535,Rice
86,43,48,540,Rice